User_Id,Location,Age,Username,Email,Password
1,"Semarang, Jawa Tengah",20,brookswilliam,brookswilliam@example.org,gr17Ukep#1
2,"Bekasi, Jawa Barat",21,christian90,christian90@example.org,03&@Kzfe#n
3,"Cirebon, Jawa Barat",23,robertolson,robertolson@example.org,FO1i8)fjX_
4,"Bekasi, Jawa Barat",21,johnsonstacey,johnsonstacey@example.org,!Gc5Lj90Zc
5,"Lampung, Sumatera Selatan",20,gonzalezcarol,gonzalezcarol@example.org,!xVu7S3gN_
6,"Jakarta Utara, DKI Jakarta",18,jennifer20,jennifer20@example.org,D1yzErzx)T
7,"Jakarta Selatan, DKI Jakarta",39,michaelward,michaelward@example.org,rvl3S8Ez%l
8,"Bandung, Jawa Barat",40,kalexander,kalexander@example.org,zZl8S!CeA@
9,"Surabaya, Jawa Timur",38,butlermichelle,butlermichelle@example.org,%%5)A3Yn)x
10,"Bekasi, Jawa Barat",39,norrisashley,norrisashley@example.org,k4PkMr)T_A
11,"Yogyakarta, DIY",20,edwardwest,edwardwest@example.org,+2(YU)QsW$
12,"Bogor, Jawa Barat",37,carl33,carl33@example.org,_s@Txa%a5e
13,"Depok, Jawa Barat",18,sgonzalez,sgonzalez@example.org,#N0FNHu0Me
14,"Jakarta Pusat, DKI Jakarta",26,brian50,brian50@example.org,#0nAHOtBH&
15,"Jakarta Timur, DKI Jakarta",34,rachelgardner,rachelgardner@example.org,d2dYHeCS!i
16,"Bekasi, Jawa Barat",40,david24,david24@example.org,i7Egd*Zt_e
17,"Semarang, Jawa Tengah",31,ronniepena,ronniepena@example.org,#UVL0JiBh8
18,"Yogyakarta, DIY",39,susan39,susan39@example.org,e#1RDyxAg#
19,"Cirebon, Jawa Barat",26,colejacob,colejacob@example.org,AyNJ4wDw!x
20,"Lampung, Sumatera Selatan",30,diana07,diana07@example.org,w!&40YGd*J
21,"Semarang, Jawa Tengah",30,perryjennifer,perryjennifer@example.org,$8Jatyy0Zk
22,"Subang, Jawa Barat",25,fburgess,fburgess@example.org,@2J2eJqg53
23,"Jakarta Barat, DKI Jakarta",37,mitchellheather,mitchellheather@example.org,M00dCfX*!p
24,"Bekasi, Jawa Barat",36,zperez,zperez@example.org,_1d@Z_KXJd
25,"Lampung, Sumatera Selatan",40,vmay,vmay@example.org,$84o(8Kx)(
26,"Palembang, Sumatera Selatan",38,manueldavis,manueldavis@example.org,xwx8Cy&&N*
27,"Bogor, Jawa Barat",22,williamselizabeth,williamselizabeth@example.org,)crwm#Ho*2
28,"Sragen, Jawa Tengah",38,dickersondiane,dickersondiane@example.org,!8%lQ&NjTO
29,"Ponorogo, Jawa Timur",34,alexander77,alexander77@example.org,q_r1HxXkeA
30,"Depok, Jawa Barat",30,erica48,erica48@example.org,)DKnyxens0
31,"Jakarta Selatan, DKI Jakarta",26,hbarton,hbarton@example.org,&0g6UZtz%T
32,"Bekasi, Jawa Barat",34,colemanthomas,colemanthomas@example.org,J@ckJ2MWTq
33,"Ponorogo, Jawa Timur",24,flara,flara@example.org,3Nw!9KYd^d
34,"Sragen, Jawa Tengah",31,natasha47,natasha47@example.org,1*JmlRn1_4
35,"Klaten, Jawa Tengah",24,brichardson,brichardson@example.org,#l6HaGj2zo
36,"Solo, Jawa Tengah",20,dcastillo,dcastillo@example.org,#*OyX+d+6_
37,"Tanggerang, Banten",21,ramirezshane,ramirezshane@example.org,$69IKJ3c0m
38,"Serang, Banten",26,yhill,yhill@example.org,7F%JcVzl!W
39,"Cilacap, Jawa Tengah",32,toddjenkins,toddjenkins@example.org,%(H0DvSisd
40,"Semarang, Jawa Tengah",27,allen56,allen56@example.org,$k35(JhaO+
41,"Yogyakarta, DIY",24,ljackson,ljackson@example.org,J_2TxCxzHX
42,"Kota Gede, DIY",37,jermaine31,jermaine31@example.org,!wKF!SnDa2
43,"Cirebon, Jawa Barat",33,ftucker,ftucker@example.org,!8lTmxSaUP
44,"Subang, Jawa Barat",21,jbyrd,jbyrd@example.org,N&0LbZiwt%
45,"Karawang, Jawa Barat",25,heather26,heather26@example.org,(ZU0GZunh)
46,"Purwakarat, Jawa Barat",38,melissadowns,melissadowns@example.org,$GMVin4D71
47,"Jakarta Utara, DKI Jakarta",31,paulriddle,paulriddle@example.org,H10AuKza!1
48,"Jakarta Selatan, DKI Jakarta",35,savagelisa,savagelisa@example.org,_)uDqITvc8
49,"Jakarta Pusat, DKI Jakarta",24,jason90,jason90@example.org,0+1II)ul)I
50,"Bekasi, Jawa Barat",19,eric43,eric43@example.org,Q8KFwlw!%c
51,"Bogor, Jawa Barat",29,barnettgina,barnettgina@example.org,+ABrvzzxr2
52,"Karawang, Jawa Barat",18,cory65,cory65@example.org,6A40Zpa+&N
53,"Subang, Jawa Barat",28,marysmith,marysmith@example.org,2+&fCKVkw7
54,"Serang, Banten",31,josephtucker,josephtucker@example.org,@J4sg6Mm5t
55,"Tanggerang, Banten",19,crystal34,crystal34@example.org,$0WpNo)nn8
56,"Kota Gede, DIY",18,bradleybaker,bradleybaker@example.org,92eD4ve&_z
57,"Yogyakarta, DIY",21,claire73,claire73@example.org,v#B5IUssH(
58,"Lampung, Sumatera Selatan",21,wtorres,wtorres@example.org,$hIOIXj8T8
59,"Ponorogo, Jawa Timur",26,laurenfrost,laurenfrost@example.org,+4i5Vy^X3l
60,"Surabaya, Jawa Timur",25,warrenanna,warrenanna@example.org,(j0Sr+O8(v
61,"Nganjuk, Jawa Timur",23,mark25,mark25@example.org,&dRUXJS5J1
62,"Madura, Jawa Timur",36,bushzachary,bushzachary@example.org,#D9aBRWuct
63,"Semarang, Jawa Tengah",35,rturner,rturner@example.org,ubL%98Skf9
64,"Bandung, Jawa Barat",38,stephanie40,stephanie40@example.org,4b6*TcHs(H
65,"Yogyakarta, DIY",22,leonardcrystal,leonardcrystal@example.org,_2gtb1F06n
66,"Bekasi, Jawa Barat",33,felicialucas,felicialucas@example.org,o+5GKHSylc
67,"Surabaya, Jawa Timur",25,gberry,gberry@example.org,r)6Eqbpkoz
68,"Kota Gede, DIY",37,james15,james15@example.org,#8q9Ga50gJ
69,"Bekasi, Jawa Barat",24,tim20,tim20@example.org,)3h^B6ix&^
70,"Bogor, Jawa Barat",21,tashachaney,tashachaney@example.org,^7FBmGhu_2
71,"Depok, Jawa Barat",39,jasonmcguire,jasonmcguire@example.org,jDqAPHwW&6
72,"Tanggerang, Banten",19,yangmelissa,yangmelissa@example.org,*(2^UUqK03
73,"Serang, Banten",29,nathanhenderson,nathanhenderson@example.org,N9eJtz&v$x
74,"Semarang, Jawa Tengah",30,tiffanytrevino,tiffanytrevino@example.org,ceo3By@bw+
75,"Bekasi, Jawa Barat",19,millerapril,millerapril@example.org,$srIBs#h+7
76,"Cirebon, Jawa Barat",19,anthonybaker,anthonybaker@example.org,0o+F@Fhq!T
77,"Bekasi, Jawa Barat",34,daniel14,daniel14@example.org,%qH1^DZm9+
78,"Lampung, Sumatera Selatan",22,pmorgan,pmorgan@example.org,P^G28WbhIs
79,"Jakarta Utara, DKI Jakarta",31,schwartzgregory,schwartzgregory@example.org,OlKCes6++4
80,"Jakarta Selatan, DKI Jakarta",32,ulynn,ulynn@example.org,++L9@XjAmj
81,"Bandung, Jawa Barat",29,kayla47,kayla47@example.org,R8085Dis__
82,"Surabaya, Jawa Timur",24,emily58,emily58@example.org,)h!P@rrjg8
83,"Bekasi, Jawa Barat",32,gabrielhogan,gabrielhogan@example.org,970Tvxrb1@
84,"Yogyakarta, DIY",35,yorkrachel,yorkrachel@example.org,9Q45cjoot&
85,"Bogor, Jawa Barat",31,josesmith,josesmith@example.org,g1UGWVF(#f
86,"Depok, Jawa Barat",32,wjones,wjones@example.org,6^33AlZV)p
87,"Jakarta Pusat, DKI Jakarta",30,amy60,amy60@example.org,%QdTpb7C0Z
88,"Jakarta Timur, DKI Jakarta",27,mary33,mary33@example.org,p@q0Ump2kH
89,"Bekasi, Jawa Barat",35,umartinez,umartinez@example.org,JcDX9Wfv!m
90,"Semarang, Jawa Tengah",29,fpeterson,fpeterson@example.org,)dTPl6MfK0
91,"Yogyakarta, DIY",32,michael43,michael43@example.org,TCGMQ&dg^3
92,"Cirebon, Jawa Barat",39,kevinstevens,kevinstevens@example.org,(+dOIluFl9
93,"Lampung, Sumatera Selatan",18,graymichael,graymichael@example.org,$2RswW%iJZ
94,"Semarang, Jawa Tengah",34,kevinwhite,kevinwhite@example.org,_4hVma6Me6
95,"Subang, Jawa Barat",27,kimberly59,kimberly59@example.org,&wSIlJb678
96,"Jakarta Barat, DKI Jakarta",19,kathytran,kathytran@example.org,^S6DN#tIqS
97,"Bekasi, Jawa Barat",38,romeromatthew,romeromatthew@example.org,@&w1PGdp(N
98,"Lampung, Sumatera Selatan",28,jpham,jpham@example.org,rGX3MG#h#$
99,"Palembang, Sumatera Selatan",33,avaughan,avaughan@example.org,@$J6SV0cq6
100,"Bogor, Jawa Barat",28,robert27,robert27@example.org,ipRp9A9jW*
101,"Sragen, Jawa Tengah",39,jamesmelissa,jamesmelissa@example.org,0NV0U@jW@n
102,"Ponorogo, Jawa Timur",21,david27,david27@example.org,)0MSi4lT1x
103,"Depok, Jawa Barat",30,dylanvaldez,dylanvaldez@example.org,f&X0R)xiI*
104,"Jakarta Selatan, DKI Jakarta",27,abrown,abrown@example.org,v_8BsxocvH
105,"Bekasi, Jawa Barat",37,michael27,michael27@example.org,3pEaQ5yX!)
106,"Ponorogo, Jawa Timur",32,miketorres,miketorres@example.org,61K5Qsi0(0
107,"Sragen, Jawa Tengah",24,sabrina30,sabrina30@example.org,+m))IiDz!6
108,"Klaten, Jawa Tengah",33,kenneth31,kenneth31@example.org,r@!8@Hlr6@
109,"Solo, Jawa Tengah",18,karenmorgan,karenmorgan@example.org,N8TBw1ii*6
110,"Tanggerang, Banten",39,matthewbryant,matthewbryant@example.org,%4JqqKX2^N
111,"Serang, Banten",38,robert09,robert09@example.org,#FaUdre$4o
112,"Cilacap, Jawa Tengah",18,nsmith,nsmith@example.org,D66BMsulN+
113,"Semarang, Jawa Tengah",38,nlong,nlong@example.org,0yZkLf25+e
114,"Yogyakarta, DIY",39,omedina,omedina@example.org,nL1xJDZr!)
115,"Kota Gede, DIY",26,urice,urice@example.org,%8DSj_me+T
116,"Cirebon, Jawa Barat",23,johnsonmichael,johnsonmichael@example.org,%p#J7gpgZ4
117,"Subang, Jawa Barat",30,mckenzieangela,mckenzieangela@example.org,Y2JCV1Em#a
118,"Karawang, Jawa Barat",32,dunlapmichael,dunlapmichael@example.org,@1)U3mxh56
119,"Purwakarat, Jawa Barat",25,amandabailey,amandabailey@example.org,T%4NLBaYDf
120,"Jakarta Utara, DKI Jakarta",32,ujohnson,ujohnson@example.org,A5mJu5)_+8
121,"Jakarta Selatan, DKI Jakarta",35,whiteaustin,whiteaustin@example.org,aP%g0@TjB&
122,"Jakarta Pusat, DKI Jakarta",24,ricardo48,ricardo48@example.org,!x&S7uYfy3
123,"Bekasi, Jawa Barat",32,shannonrodriguez,shannonrodriguez@example.org,O6RN2Iu)(Z
124,"Bogor, Jawa Barat",22,jennifer77,jennifer77@example.org,&aZZXpse00
125,"Karawang, Jawa Barat",24,rileysarah,rileysarah@example.org,j_46SIC9gs
126,"Subang, Jawa Barat",32,tramirez,tramirez@example.org,UIQ77Vlo7@
127,"Serang, Banten",38,kayla69,kayla69@example.org,)n&7NgTh*z
128,"Tanggerang, Banten",28,fhanson,fhanson@example.org,V$&L4@Dy@r
129,"Kota Gede, DIY",29,steve59,steve59@example.org,n!TNI##y@7
130,"Yogyakarta, DIY",27,whill,whill@example.org,c@5HOKQF$1
131,"Lampung, Sumatera Selatan",21,vanessa09,vanessa09@example.org,_lmeKLVwW8
132,"Ponorogo, Jawa Timur",31,todd48,todd48@example.org,G7kB_xfx!m
133,"Surabaya, Jawa Timur",29,wisemolly,wisemolly@example.org,^!lWPW2dc5
134,"Nganjuk, Jawa Timur",27,wgriffin,wgriffin@example.org,47Oo7qGc*V
135,"Madura, Jawa Timur",22,eboyle,eboyle@example.org,%M2RuUJMc3
136,"Semarang, Jawa Tengah",35,ethanbuckley,ethanbuckley@example.org,%6+wIgg269
137,"Bandung, Jawa Barat",28,sanchezjacob,sanchezjacob@example.org,7(_&L8Ov)o
138,"Yogyakarta, DIY",25,stacyperez,stacyperez@example.org,+eyBI+TsC4
139,"Bekasi, Jawa Barat",33,jeffreywright,jeffreywright@example.org,&!qc4Xa@b^
140,"Surabaya, Jawa Timur",25,frank60,frank60@example.org,(5nnLb_w%g
141,"Kota Gede, DIY",34,stuarttara,stuarttara@example.org,YX5WQWeEN(
142,"Bekasi, Jawa Barat",29,jennifermendoza,jennifermendoza@example.org,@5uzHi)zz5
143,"Bogor, Jawa Barat",25,wilsonchelsea,wilsonchelsea@example.org,!)kD2M)I)c
144,"Depok, Jawa Barat",18,johnmoore,johnmoore@example.org,^9X3DnkUoq
145,"Tanggerang, Banten",37,meaganrose,meaganrose@example.org,@WIJj#Jl1R
146,"Serang, Banten",38,wwallace,wwallace@example.org,q*H9P+Rvwn
147,"Semarang, Jawa Tengah",18,jenniferwarren,jenniferwarren@example.org,3CT$50JcH*
148,"Bekasi, Jawa Barat",33,spencersteven,spencersteven@example.org,JK$&^9XlLy
149,"Cirebon, Jawa Barat",30,sabrina43,sabrina43@example.org,1$4UdEKc!G
150,"Bekasi, Jawa Barat",40,laurenmitchell,laurenmitchell@example.org,j63Ab91x_Y
151,"Lampung, Sumatera Selatan",36,fsmith,fsmith@example.org,cHUIKDdq_2
152,"Jakarta Utara, DKI Jakarta",25,joseph75,joseph75@example.org,**0YquAI3P
153,"Jakarta Selatan, DKI Jakarta",39,natalieford,natalieford@example.org,eCV3WCDaY%
154,"Bandung, Jawa Barat",31,william08,william08@example.org,j9FDfmHp)K
155,"Surabaya, Jawa Timur",37,jbailey,jbailey@example.org,0uaj0*N6)1
156,"Bekasi, Jawa Barat",31,znelson,znelson@example.org,0+6Uo(*$jE
157,"Yogyakarta, DIY",28,lgomez,lgomez@example.org,v6JUbBgb*6
158,"Bogor, Jawa Barat",23,erica39,erica39@example.org,+9HH$VQpH%
159,"Depok, Jawa Barat",20,lori46,lori46@example.org,OPVo0qNo#8
160,"Jakarta Pusat, DKI Jakarta",36,wagnervanessa,wagnervanessa@example.org,@3aGHok$US
161,"Jakarta Timur, DKI Jakarta",33,mccoyandre,mccoyandre@example.org,!vUT_2Ach)
162,"Bekasi, Jawa Barat",25,martinjasmine,martinjasmine@example.org,*3yHy$l&2^
163,"Semarang, Jawa Tengah",40,margaretdavis,margaretdavis@example.org,(E9TCAyWQW
164,"Yogyakarta, DIY",19,kimberlyellis,kimberlyellis@example.org,x@8xVc#tF9
165,"Cirebon, Jawa Barat",23,kperkins,kperkins@example.org,lE^yjBb4!1
166,"Lampung, Sumatera Selatan",26,twright,twright@example.org,l&D0cOsgL%
167,"Semarang, Jawa Tengah",19,cherylhays,cherylhays@example.org,B3Rmd(Ud(g
168,"Subang, Jawa Barat",38,lfarmer,lfarmer@example.org,oW8ZWQVc_O
169,"Jakarta Barat, DKI Jakarta",18,kylemartin,kylemartin@example.org,4@t8TY@gc9
170,"Bekasi, Jawa Barat",19,ryanbennett,ryanbennett@example.org,Dv4kCYgZ7%
171,"Lampung, Sumatera Selatan",33,johnny52,johnny52@example.org,lbWps@Ec*9
172,"Palembang, Sumatera Selatan",34,mistysmith,mistysmith@example.org,l7VK*mdf^7
173,"Bogor, Jawa Barat",29,garystewart,garystewart@example.org,sE1KCNben_
174,"Sragen, Jawa Tengah",32,christina40,christina40@example.org,3vM(jY$U)9
175,"Ponorogo, Jawa Timur",36,lhall,lhall@example.org,bn^j92If$0
176,"Depok, Jawa Barat",31,scottlucas,scottlucas@example.org,@b32Efw$u6
177,"Jakarta Selatan, DKI Jakarta",35,christopher69,christopher69@example.org,U^4Z#pwW!#
178,"Bekasi, Jawa Barat",33,jenniferkeller,jenniferkeller@example.org,uP8flSHn!^
179,"Ponorogo, Jawa Timur",27,stricklandcody,stricklandcody@example.org,hl$9wLvH_G
180,"Sragen, Jawa Tengah",24,chelsea19,chelsea19@example.org,rFuQqQwR(8
181,"Klaten, Jawa Tengah",29,amyobrien,amyobrien@example.org,He70F^Hhm*
182,"Solo, Jawa Tengah",34,davisjoseph,davisjoseph@example.org,qWCQy90k$2
183,"Tanggerang, Banten",37,carterblake,carterblake@example.org,sRU2SLkhv)
184,"Serang, Banten",30,iburns,iburns@example.org,kA4Fz2uO*P
185,"Cilacap, Jawa Tengah",33,shaunclark,shaunclark@example.org,YTIdA4kv#2
186,"Semarang, Jawa Tengah",28,karendavid,karendavid@example.org,e#jyV0q@PU
187,"Yogyakarta, DIY",25,valeriecampbell,valeriecampbell@example.org,U!y6qZ6lNc
188,"Kota Gede, DIY",37,mccoydavid,mccoydavid@example.org,&PWF6kobQ7
189,"Cirebon, Jawa Barat",21,raymond49,raymond49@example.org,@F3C(ttWr(
190,"Subang, Jawa Barat",18,lauren77,lauren77@example.org,zY24Gjh8(t
191,"Karawang, Jawa Barat",32,tschneider,tschneider@example.org,(5GVY5AfV3
192,"Purwakarat, Jawa Barat",37,nicholasanderson,nicholasanderson@example.org,N!3!Ggq!NI
193,"Jakarta Utara, DKI Jakarta",20,brian71,brian71@example.org,(X0C&UYw_G
194,"Jakarta Selatan, DKI Jakarta",31,cheyennehampton,cheyennehampton@example.org,^2FiYu1^gf
195,"Jakarta Pusat, DKI Jakarta",29,rogersjeffrey,rogersjeffrey@example.org,GHk44fc4o#
196,"Bekasi, Jawa Barat",28,nicholas25,nicholas25@example.org,o9IlP6i@)G
197,"Bogor, Jawa Barat",27,sherrylee,sherrylee@example.org,&6I14Plf*S
198,"Karawang, Jawa Barat",26,lmiller,lmiller@example.org,)%SluVq&96
199,"Subang, Jawa Barat",18,miranda95,miranda95@example.org,!l5niNu0#E
200,"Serang, Banten",34,ggalvan,ggalvan@example.org,V%(7Fkft(y
201,"Bekasi, Jawa Barat",21,allison72,allison72@example.org,u#)U@Ti8+1
202,"Lampung, Sumatera Selatan",21,wardcarolyn,wardcarolyn@example.org,K4%4JCj$f)
203,"Jakarta Utara, DKI Jakarta",24,elizabeth78,elizabeth78@example.org,JY0OuMka#7
204,"Jakarta Selatan, DKI Jakarta",21,ayalajames,ayalajames@example.org,_GyUfZdJ7@
205,"Bandung, Jawa Barat",24,carrollchristina,carrollchristina@example.org,m^5JagZAV^
206,"Surabaya, Jawa Timur",30,thomas90,thomas90@example.org,42Q1T&#t&j
207,"Bekasi, Jawa Barat",20,ufitzgerald,ufitzgerald@example.org,)U7YT^uCMa
208,"Yogyakarta, DIY",27,rebecca65,rebecca65@example.org,SK8NFmz4C)
209,"Bogor, Jawa Barat",19,jonesbrian,jonesbrian@example.org,!1ZGVqgEuY
210,"Depok, Jawa Barat",18,nancymoore,nancymoore@example.org,%S5LIGWrJP
211,"Jakarta Pusat, DKI Jakarta",22,xanderson,xanderson@example.org,3rhotbHl@6
212,"Jakarta Timur, DKI Jakarta",28,jill89,jill89@example.org,@4Z3pKn!Hw
213,"Bekasi, Jawa Barat",20,mcneilanthony,mcneilanthony@example.org,7yQi1X8rq^
214,"Semarang, Jawa Tengah",30,shawnhernandez,shawnhernandez@example.org,f)+L@6YzQ^
215,"Yogyakarta, DIY",23,kristina38,kristina38@example.org,J$OASk+3!6
216,"Cirebon, Jawa Barat",28,kathleengallagher,kathleengallagher@example.org,u#F3QDv^^s
217,"Lampung, Sumatera Selatan",20,thomasgiles,thomasgiles@example.org,&T@C36HgK1
218,"Semarang, Jawa Tengah",29,lucassanders,lucassanders@example.org,OAVak2CS$1
219,"Subang, Jawa Barat",24,debra32,debra32@example.org,I2NgdETC^B
220,"Jakarta Barat, DKI Jakarta",23,darleneburns,darleneburns@example.org,*&u(13PdiE
221,"Bekasi, Jawa Barat",30,sergio89,sergio89@example.org,_q#c8iUuQ5
222,"Lampung, Sumatera Selatan",30,brucephillips,brucephillips@example.org,gl4IU_4lZ!
223,"Palembang, Sumatera Selatan",20,lisalindsey,lisalindsey@example.org,3yyZiDay^*
224,"Bogor, Jawa Barat",28,maylindsay,maylindsay@example.org,ey5SZUl@(9
225,"Sragen, Jawa Tengah",19,brownanthony,brownanthony@example.org,&I0nePtk9D
226,"Ponorogo, Jawa Timur",23,jhernandez,jhernandez@example.org,%E46iVYz#S
227,"Depok, Jawa Barat",25,jessicadonaldson,jessicadonaldson@example.org,_#p3C%^b15
228,"Jakarta Selatan, DKI Jakarta",18,joannamartin,joannamartin@example.org,tevc08NE6@
229,"Bekasi, Jawa Barat",20,ruizcheryl,ruizcheryl@example.org,(6I%yglaKN
230,"Ponorogo, Jawa Timur",20,natalie10,natalie10@example.org,hNEU*VQV%1
231,"Sragen, Jawa Tengah",28,dustin18,dustin18@example.org,ZtVP5wIT!6
232,"Klaten, Jawa Tengah",30,kelly64,kelly64@example.org,3FpYD$Np%m
233,"Solo, Jawa Tengah",23,jennifer16,jennifer16@example.org,#*CsrA_hG8
234,"Tanggerang, Banten",27,david85,david85@example.org,b$5b1Xxs!!
235,"Serang, Banten",18,pmanning,pmanning@example.org,@2N_ewBjEV
236,"Cilacap, Jawa Tengah",23,bruce93,bruce93@example.org,x57LuiIl5#
237,"Semarang, Jawa Tengah",20,johnsonjacob,johnsonjacob@example.org,*5SLs%kuQ(
238,"Yogyakarta, DIY",30,bennettbrandy,bennettbrandy@example.org,$2zTTX#o90
239,"Kota Gede, DIY",23,pwells,pwells@example.org,_C7wkWJo8P
240,"Cirebon, Jawa Barat",22,smithnathan,smithnathan@example.org,&dxpFr1WV9
241,"Subang, Jawa Barat",20,jonesjames,jonesjames@example.org,VsI!s7cl!5
242,"Karawang, Jawa Barat",20,tiffanymacdonald,tiffanymacdonald@example.org,8m)m3AjmkV
243,"Purwakarat, Jawa Barat",20,patricia70,patricia70@example.org,a%5)Hu!gV(
244,"Jakarta Utara, DKI Jakarta",27,ashleylloyd,ashleylloyd@example.org,NUj_QlTr(1
245,"Jakarta Selatan, DKI Jakarta",27,sboyle,sboyle@example.org,mrIU2OhsD!
246,"Jakarta Pusat, DKI Jakarta",28,cynthiafernandez,cynthiafernandez@example.org,a5m$z%Ob#i
247,"Bekasi, Jawa Barat",28,cbarajas,cbarajas@example.org,z!6^Hlbw3&
248,"Bogor, Jawa Barat",29,qhernandez,qhernandez@example.org,*h$bUY8U80
249,"Karawang, Jawa Barat",19,bennettlindsay,bennettlindsay@example.org,n7Nf0kKw^9
250,"Subang, Jawa Barat",27,taylormark,taylormark@example.org,75D_Tfvn(N
251,"Semarang, Jawa Tengah",29,tbuck,tbuck@example.org,aj#3Mi!f+$
252,"Bekasi, Jawa Barat",30,mitchelljennifer,mitchelljennifer@example.org,+70^NroVad
253,"Cirebon, Jawa Barat",34,kimberlycarroll,kimberlycarroll@example.org,W1SlzgKY@k
254,"Bekasi, Jawa Barat",34,pmcdonald,pmcdonald@example.org,WI32U*ea&q
255,"Lampung, Sumatera Selatan",30,stephen67,stephen67@example.org,5K2BWipc2+
256,"Jakarta Utara, DKI Jakarta",39,ysanchez,ysanchez@example.org,7ra5KqRe)2
257,"Jakarta Selatan, DKI Jakarta",25,dsherman,dsherman@example.org,&$G0SenjF0
258,"Bandung, Jawa Barat",38,umitchell,umitchell@example.org,)O8JMgC!WK
259,"Surabaya, Jawa Timur",27,sean99,sean99@example.org,)yE8XuBiNO
260,"Bekasi, Jawa Barat",33,amandashaw,amandashaw@example.org,5&u5ICdOQH
261,"Yogyakarta, DIY",38,shale,shale@example.org,$B8cHA(@6p
262,"Bogor, Jawa Barat",38,nataliesmith,nataliesmith@example.org,ADK5yoEu9!
263,"Depok, Jawa Barat",27,loganpeterson,loganpeterson@example.org,)2ihylUlgQ
264,"Jakarta Pusat, DKI Jakarta",37,lanemaurice,lanemaurice@example.org,HDW)2Oo+$k
265,"Jakarta Timur, DKI Jakarta",30,brittany42,brittany42@example.org,1(29_Ve!hj
266,"Bekasi, Jawa Barat",32,christopherclements,christopherclements@example.org,^*QpfYKFI9
267,"Semarang, Jawa Tengah",31,michael75,michael75@example.org,pde0DIsSd)
268,"Yogyakarta, DIY",32,brentkramer,brentkramer@example.org,%*5xKbbM*$
269,"Cirebon, Jawa Barat",36,ballkathleen,ballkathleen@example.org,Lc^21AImK*
270,"Lampung, Sumatera Selatan",25,piercelindsey,piercelindsey@example.org,&EZHp%q+54
271,"Semarang, Jawa Tengah",37,tjames,tjames@example.org,l07D^1XC^f
272,"Subang, Jawa Barat",30,brett37,brett37@example.org,%j7OlPqg+j
273,"Jakarta Barat, DKI Jakarta",33,robertmendez,robertmendez@example.org,$q#wF@K9(7
274,"Bekasi, Jawa Barat",38,rosedavid,rosedavid@example.org,z&8a0Ln(K_
275,"Lampung, Sumatera Selatan",34,stephaniegonzales,stephaniegonzales@example.org,(jD81soh5M
276,"Lampung, Sumatera Selatan",39,shane08,shane08@example.org,&r6SNOcefi
277,"Jakarta Utara, DKI Jakarta",29,sabrinaharrison,sabrinaharrison@example.org,!vdJMxzZ9^
278,"Jakarta Selatan, DKI Jakarta",40,kathryn43,kathryn43@example.org,xy2D4BaT_^
279,"Bandung, Jawa Barat",28,bruce46,bruce46@example.org,@f13D*1r&z
280,"Surabaya, Jawa Timur",40,riveramichael,riveramichael@example.org,a$1y22Tc5%
281,"Bekasi, Jawa Barat",30,maryjones,maryjones@example.org,G%4zLCtpe+
282,"Yogyakarta, DIY",39,elizabethnguyen,elizabethnguyen@example.org,%&Et7NwgNH
283,"Bogor, Jawa Barat",37,ricethomas,ricethomas@example.org,_pnI6hDr8P
284,"Depok, Jawa Barat",29,jasongardner,jasongardner@example.org,*xQKq)c4n0
285,"Jakarta Pusat, DKI Jakarta",29,brucesanchez,brucesanchez@example.org,kXu_0Xgn&_
286,"Jakarta Timur, DKI Jakarta",35,rwalker,rwalker@example.org,#PPPV0Sv0C
287,"Bekasi, Jawa Barat",27,kimberly45,kimberly45@example.org,MS+1#tJdZp
288,"Semarang, Jawa Tengah",30,sarah61,sarah61@example.org,DzMS8%%z)2
289,"Yogyakarta, DIY",35,tbrown,tbrown@example.org,m8GsKsO%+w
290,"Cirebon, Jawa Barat",34,ospencer,ospencer@example.org,r62oRfvk@)
291,"Lampung, Sumatera Selatan",25,katiesalinas,katiesalinas@example.org,_07+o3v9fK
292,"Semarang, Jawa Tengah",29,randy20,randy20@example.org,&e75ZiXjl_
293,"Subang, Jawa Barat",34,karenflores,karenflores@example.org,@Un3W+HqmT
294,"Jakarta Barat, DKI Jakarta",28,iwalker,iwalker@example.org,+M$5Tbgaw_
295,"Bekasi, Jawa Barat",31,nlong,nlong@example.org,@l7FbhsYue
296,"Lampung, Sumatera Selatan",31,daniellemorrow,daniellemorrow@example.org,NNE7cb_k!5
297,"Palembang, Sumatera Selatan",39,norrissteven,norrissteven@example.org,2eZsqzqR_8
298,"Bogor, Jawa Barat",38,justin77,justin77@example.org,!hW_4rTrIk
299,"Sragen, Jawa Tengah",27,lawrence81,lawrence81@example.org,*9LSK26f1N
300,"Ponorogo, Jawa Timur",26,carrie50,carrie50@example.org,bo8deJ(Ut@
